PestPop,CropMaturity,P(Outbreak=Yes),P(Outbreak=No)
High,Late,0.920000,0.080000
High,Mid,0.850000,0.150000
High,Early,0.650000,0.350000
Low,Late,0.150000,0.850000
Low,Mid,0.050000,0.950000
Low,Early,0.020000,0.980000
